{
  "lattice": {
    "type": "triangle",
    "L": [ 12, 12, 1 ],
    "dimension": 2,
    "pbc": [ 1, 1, 1 ]
  },
  "wavefunction": {
    "wavefunction type": "meanfield",
    "lattice type": "triangle",
    "inequivalent sites": 9,
    "basis": [
      [ 0, 0, 0 ],
      [ 0, 1, 0 ],
      [ 0, 2, 0 ],
      [ 1, 0, 0 ],
      [ 1, 1, 0 ],
      [ 1, 2, 0 ],
      [ 2, 0, 0 ],
      [ 2, 1, 0 ],
      [ 2, 2, 0 ]
    ],
    "spin": 1,
    "match lattice pbc": true,
    "su3_symmetry":  true,
    "num hop": 2,
    "field": 0.0,
    "num spin-orbit": 0,
    "hopping terms": [
      {
        "spin row": 0,
        "strength": 1.0,
        "distance": 0,
        "origins": [ 0, 0, 2, 3, 4, 4, 7, 8, 8 ],
        "neighbor index": [ 0, 1, 2, 2, 0, 1, 2, 0, 1 ],
        "phases": [ 0, 0, 0, 0, 0, 0, 0, 0, 0 ]
      },
      {
        "spin row": 1,
        "strength": 1.0,
        "distance": 0,
        "origins": [ 0, 0, 2, 3, 4, 4, 7, 8, 8 ],
        "neighbor index": [ 0, 1, 2, 2, 0, 1, 2, 0, 1 ],
        "phases": [ 0, 0, 0, 0, 0, 0, 0, 0, 0 ]
      },
      {
        "spin row": 0,
        "strength": 1.0,
        "distance": 0,
        "origins": [ 0, 1, 1, 1, 2, 2, 3, 3, 4, 5, 5, 5, 6, 6, 6, 7, 7, 8 ],
        "neighbor index": [ 2, 0, 1, 2, 0, 1, 0, 1, 2, 0, 1, 2, 0, 1, 2, 0, 1, 2 ],
        "phases": [ 0, 0, 0, 0, 0, 0, 0, 0, 0, 0, 0, 0, 0, 0, 0, 0, 0, 0 ]
      },
      {
        "spin row": 1,
        "strength": 1.0,
        "distance": 0,
        "origins": [ 0, 1, 1, 1, 2, 2, 3, 3, 4, 5, 5, 5, 6, 6, 6, 7, 7, 8 ],
        "neighbor index": [ 2, 0, 1, 2, 0, 1, 0, 1, 2, 0, 1, 2, 0, 1, 2, 0, 1, 2 ],
        "phases": [ 0, 0, 0, 0, 0, 0, 0, 0, 0, 0, 0, 0, 0, 0, 0, 0, 0, 0 ]
      }
    ],
    "directors": {
      "u_r_theta_phi": [
        [ 1.0, 54.7356103, 0 ],
        [ 1.0, 54.7356103, 0 ],
        [ 1.0, 54.7356103, 0 ],
        [ 1.0, 54.7356103, 0 ],
        [ 1.0, 54.7356103, 0 ],
        [ 1.0, 54.7356103, 0 ],
        [ 1.0, 54.7356103, 0 ],
        [ 1.0, 54.7356103, 0 ],
        [ 1.0, 54.7356103, 0 ]
      ],
      "v_r_theta_phi": [
        [ 0, 0, 0 ],
        [ 0, 0, 0 ],
        [ 0, 0, 0 ],
        [ 0, 0, 0 ],
        [ 0, 0, 0 ],
        [ 0, 0, 0 ],
        [ 0, 0, 0 ],
        [ 0, 0, 0 ],
        [ 0, 0, 0 ]
      ],
      "Qthetau": [ 0, 0, 0 ],
      "Qphiu": [ -0.333333333333, 0.577350269189626, 0 ],
      "Qthetav": [ 0, 0, 0 ],
      "Qphiv": [ 0, 0, 0 ]
    }
  },
  "model": {
    "interactions": {
      "H1": {
        "type": "su3 ring exchange",
        "coupling": 1.0,
        "theta": 0.0
      }
    },
    "match lattice pbc": true
  },
  "vmc": {
    "steps": 10,
    "measures": 10000,
    "throwaway": 100
  }
}